"result_id","cdm_name","group_name","group_level","strata_name","strata_level","variable_name","variable_level","estimate_name","estimate_type","estimate_value","additional_name","additional_level"
1,"THIN_fr","codelist_name","lung_cancer","domain_id","condition","Neoplasm of uncertain behavior of pineal gland","22871","record_count","integer","18","standard_concept &&& vocabulary_id","standard &&& SNOMED"
1,"THIN_fr","codelist_name","lung_cancer","domain_id","condition","Chronic tonsillitis","23220","record_count","integer","24600","standard_concept &&& vocabulary_id","standard &&& SNOMED"
1,"THIN_fr","codelist_name","lung_cancer","domain_id","condition","Benign neoplasm of larynx","23731","record_count","integer","46","standard_concept &&& vocabulary_id","standard &&& SNOMED"
1,"THIN_fr","codelist_name","lung_cancer","domain_id","condition","Primary malignant neoplasm of pituitary gland","24296","record_count","integer","892","standard_concept &&& vocabulary_id","standard &&& SNOMED"
1,"THIN_fr","codelist_name","lung_cancer","domain_id","condition","Chronic laryngitis","24970","record_count","integer","14128","standard_concept &&& vocabulary_id","standard &&& SNOMED"
1,"THIN_fr","codelist_name","lung_cancer","domain_id","condition","Primary malignant neoplasm of islets of Langerhans","25486","record_count","integer","2066","standard_concept &&& vocabulary_id","standard &&& SNOMED"
1,"THIN_fr","codelist_name","lung_cancer","domain_id","condition","Primary malignant neoplasm of larynx","26052","record_count","integer","10365","standard_concept &&& vocabulary_id","standard &&& SNOMED"
1,"THIN_fr","codelist_name","lung_cancer","domain_id","condition","Primary malignant neoplasm of pineal gland","26361","record_count","integer","397","standard_concept &&& vocabulary_id","standard &&& SNOMED"
1,"THIN_fr","codelist_name","lung_cancer","domain_id","condition","Chronic pharyngitis","26711","record_count","integer","26328","standard_concept &&& vocabulary_id","standard &&& SNOMED"
1,"THIN_fr","codelist_name","lung_cancer","domain_id","condition","Chronic laryngotracheitis","26719","record_count","integer","4163","standard_concept &&& vocabulary_id","standard &&& SNOMED"
1,"THIN_fr","codelist_name","lung_cancer","domain_id","condition","Neoplasm of uncertain behavior of paraganglia","27516","record_count","integer","174","standard_concept &&& vocabulary_id","standard &&& SNOMED"
1,"THIN_fr","codelist_name","lung_cancer","domain_id","condition","Benign neoplasm of pharynx","30356","record_count","integer","466","standard_concept &&& vocabulary_id","standard &&& SNOMED"
1,"THIN_fr","codelist_name","lung_cancer","domain_id","condition","Primary malignant neoplasm of tonsil","31509","record_count","integer","9105","standard_concept &&& vocabulary_id","standard &&& SNOMED"
1,"THIN_fr","codelist_name","lung_cancer","domain_id","condition","Secondary malignant neoplasm of pleura","72266","record_count","integer","608","standard_concept &&& vocabulary_id","standard &&& SNOMED"
1,"THIN_fr","codelist_name","lung_cancer","domain_id","condition","Primary malignant neoplasm of rectum","74582","record_count","integer","36614","standard_concept &&& vocabulary_id","standard &&& SNOMED"
1,"THIN_fr","codelist_name","lung_cancer","domain_id","condition","Disorder of bone","75909","record_count","integer","560057","standard_concept &&& vocabulary_id","standard &&& SNOMED"
1,"THIN_fr","codelist_name","lung_cancer","domain_id","condition","Primary malignant neoplasm of urinary system","76349","record_count","integer","927","standard_concept &&& vocabulary_id","standard &&& SNOMED"
1,"THIN_fr","codelist_name","lung_cancer","domain_id","condition","Primary malignant neoplasm of bone","76914","record_count","integer","4303","standard_concept &&& vocabulary_id","standard &&& SNOMED"
1,"THIN_fr","codelist_name","lung_cancer","domain_id","condition","Disorder of breast","77030","record_count","integer","26042","standard_concept &&& vocabulary_id","standard &&& SNOMED"
1,"THIN_fr","codelist_name","lung_cancer","domain_id","condition","Primary malignant neoplasm of pleura","78093","record_count","integer","403","standard_concept &&& vocabulary_id","standard &&& SNOMED"
1,"THIN_fr","codelist_name","lung_cancer","domain_id","condition","Secondary malignant neoplasm of bone","78097","record_count","integer","10505","standard_concept &&& vocabulary_id","standard &&& SNOMED"
1,"THIN_fr","codelist_name","lung_cancer","domain_id","condition","Reactive arthritis triad","78357","record_count","integer","2025","standard_concept &&& vocabulary_id","standard &&& SNOMED"
1,"THIN_fr","codelist_name","lung_cancer","domain_id","condition","Breast lump","80767","record_count","integer","97040","standard_concept &&& vocabulary_id","standard &&& SNOMED"
1,"THIN_fr","codelist_name","lung_cancer","domain_id","condition","Primary malignant neoplasm of vermilion border of lower lip","132565","record_count","integer","283","standard_concept &&& vocabulary_id","standard &&& SNOMED"
1,"THIN_fr","codelist_name","lung_cancer","domain_id","condition","Primary malignant neoplasm of skin of trunk","133147","record_count","integer","4121","standard_concept &&& vocabulary_id","standard &&& SNOMED"
1,"THIN_fr","codelist_name","lung_cancer","domain_id","condition","Primary malignant neoplasm of thyroid gland","133424","record_count","integer","88108","standard_concept &&& vocabulary_id","standard &&& SNOMED"
1,"THIN_fr","codelist_name","lung_cancer","domain_id","condition","Malignant melanoma of skin of face","133713","record_count","integer","531","standard_concept &&& vocabulary_id","standard &&& SNOMED"
1,"THIN_fr","codelist_name","lung_cancer","domain_id","condition","Disorder of cardiovascular system","134057","record_count","integer","55989","standard_concept &&& vocabulary_id","standard &&& SNOMED"
1,"THIN_fr","codelist_name","lung_cancer","domain_id","condition","Benign neoplasm of parathyroid gland","134304","record_count","integer","2248","standard_concept &&& vocabulary_id","standard &&& SNOMED"
1,"THIN_fr","codelist_name","lung_cancer","domain_id","condition","Plantar fascial fibromatosis","134460","record_count","integer","184241","standard_concept &&& vocabulary_id","standard &&& SNOMED"
1,"THIN_fr","codelist_name","lung_cancer","domain_id","condition","Primary malignant neoplasm of floor of mouth","135750","record_count","integer","1622","standard_concept &&& vocabulary_id","standard &&& SNOMED"
1,"THIN_fr","codelist_name","lung_cancer","domain_id","condition","Neoplasm of uncertain behavior of skin","135777","record_count","integer","22198","standard_concept &&& vocabulary_id","standard &&& SNOMED"
1,"THIN_fr","codelist_name","lung_cancer","domain_id","condition","Secondary malignant neoplasm of skin","136354","record_count","integer","179","standard_concept &&& vocabulary_id","standard &&& SNOMED"
1,"THIN_fr","codelist_name","lung_cancer","domain_id","condition","Primary malignant neoplasm of sphenoidal sinus","136639","record_count","integer","37","standard_concept &&& vocabulary_id","standard &&& SNOMED"
1,"THIN_fr","codelist_name","lung_cancer","domain_id","condition","Benign neoplasm of endocrine gland","136937","record_count","integer","66","standard_concept &&& vocabulary_id","standard &&& SNOMED"
1,"THIN_fr","codelist_name","lung_cancer","domain_id","condition","Primary malignant neoplasm of vermilion border of upper lip","138074","record_count","integer","57","standard_concept &&& vocabulary_id","standard &&& SNOMED"
1,"THIN_fr","codelist_name","lung_cancer","domain_id","condition","Stomatitis","138455","record_count","integer","70533","standard_concept &&& vocabulary_id","standard &&& SNOMED"
1,"THIN_fr","codelist_name","lung_cancer","domain_id","condition","Primary malignant neoplasm of skin","139750","record_count","integer","56890","standard_concept &&& vocabulary_id","standard &&& SNOMED"
1,"THIN_fr","codelist_name","lung_cancer","domain_id","condition","Primary malignant neoplasm of ethmoidal sinus","140046","record_count","integer","330","standard_concept &&& vocabulary_id","standard &&& SNOMED"
1,"THIN_fr","codelist_name","lung_cancer","domain_id","condition","Neoplasm of uncertain behavior of endocrine gland","140357","record_count","integer","471","standard_concept &&& vocabulary_id","standard &&& SNOMED"
1,"THIN_fr","codelist_name","lung_cancer","domain_id","condition","Malignant melanoma of skin","141232","record_count","integer","29392","standard_concept &&& vocabulary_id","standard &&& SNOMED"
1,"THIN_fr","codelist_name","lung_cancer","domain_id","condition","Benign neoplasm of thyroid gland","141249","record_count","integer","353","standard_concept &&& vocabulary_id","standard &&& SNOMED"
1,"THIN_fr","codelist_name","lung_cancer","domain_id","condition","Skin finding","141960","record_count","integer","21727","standard_concept &&& vocabulary_id","standard &&& SNOMED"
1,"THIN_fr","codelist_name","lung_cancer","domain_id","condition","Benign neoplasm of adrenal gland","192273","record_count","integer","11695","standard_concept &&& vocabulary_id","standard &&& SNOMED"
1,"THIN_fr","codelist_name","lung_cancer","domain_id","condition","Atrophic gastritis","192667","record_count","integer","7306","standard_concept &&& vocabulary_id","standard &&& SNOMED"
1,"THIN_fr","codelist_name","lung_cancer","domain_id","condition","Primary malignant neoplasm of small intestine","192836","record_count","integer","1005","standard_concept &&& vocabulary_id","standard &&& SNOMED"
1,"THIN_fr","codelist_name","lung_cancer","domain_id","condition","Secondary malignant neoplasm of adrenal gland","193144","record_count","integer","77","standard_concept &&& vocabulary_id","standard &&& SNOMED"
1,"THIN_fr","codelist_name","lung_cancer","domain_id","condition","Imperforate hymen","193587","record_count","integer","263","standard_concept &&& vocabulary_id","standard &&& SNOMED"
1,"THIN_fr","codelist_name","lung_cancer","domain_id","condition","Benign tumor of endocrine pancreas","193722","record_count","integer","1679","standard_concept &&& vocabulary_id","standard &&& SNOMED"
1,"THIN_fr","codelist_name","lung_cancer","domain_id","condition","Primary malignant neoplasm of biliary tract","194589","record_count","integer","10144","standard_concept &&& vocabulary_id","standard &&& SNOMED"
1,"THIN_fr","codelist_name","lung_cancer","domain_id","condition","Leukoplakia of vagina","194703","record_count","integer","43","standard_concept &&& vocabulary_id","standard &&& SNOMED"
1,"THIN_fr","codelist_name","lung_cancer","domain_id","condition","Primary malignant neoplasm of vulva","195197","record_count","integer","14983","standard_concept &&& vocabulary_id","standard &&& SNOMED"
1,"THIN_fr","codelist_name","lung_cancer","domain_id","condition","Primary malignant neoplasm of renal pelvis","195480","record_count","integer","597","standard_concept &&& vocabulary_id","standard &&& SNOMED"
1,"THIN_fr","codelist_name","lung_cancer","domain_id","condition","Primary malignant neoplasm of intestinal tract","195482","record_count","integer","1264","standard_concept &&& vocabulary_id","standard &&& SNOMED"
1,"THIN_fr","codelist_name","lung_cancer","domain_id","condition","Primary malignant neoplasm of penis","195483","record_count","integer","56","standard_concept &&& vocabulary_id","standard &&& SNOMED"
1,"THIN_fr","codelist_name","lung_cancer","domain_id","condition","Primary malignant neoplasm of stomach","196044","record_count","integer","23708","standard_concept &&& vocabulary_id","standard &&& SNOMED"
1,"THIN_fr","codelist_name","lung_cancer","domain_id","condition","Primary malignant neoplasm of vagina","196048","record_count","integer","477","standard_concept &&& vocabulary_id","standard &&& SNOMED"
1,"THIN_fr","codelist_name","lung_cancer","domain_id","condition","Primary malignant neoplasm of urethra","196049","record_count","integer","158","standard_concept &&& vocabulary_id","standard &&& SNOMED"
1,"THIN_fr","codelist_name","lung_cancer","domain_id","condition","Primary malignant neoplasm of uterine cervix","196359","record_count","integer","14798","standard_concept &&& vocabulary_id","standard &&& SNOMED"
1,"THIN_fr","codelist_name","lung_cancer","domain_id","condition","Primary malignant neoplasm of bladder","196360","record_count","integer","34562","standard_concept &&& vocabulary_id","standard &&& SNOMED"
1,"THIN_fr","codelist_name","lung_cancer","domain_id","condition","Neoplasm of uncertain behavior of adrenal gland","196365","record_count","integer","3024","standard_concept &&& vocabulary_id","standard &&& SNOMED"
1,"THIN_fr","codelist_name","lung_cancer","domain_id","condition","Secondary malignant neoplasm of retroperitoneum and peritoneum","196925","record_count","integer","5470","standard_concept &&& vocabulary_id","standard &&& SNOMED"
1,"THIN_fr","codelist_name","lung_cancer","domain_id","condition","Primary malignant neoplasm of clitoris","197225","record_count","integer","7","standard_concept &&& vocabulary_id","standard &&& SNOMED"
1,"THIN_fr","codelist_name","lung_cancer","domain_id","condition","Primary malignant neoplasm of colon","197500","record_count","integer","81669","standard_concept &&& vocabulary_id","standard &&& SNOMED"
1,"THIN_fr","codelist_name","lung_cancer","domain_id","condition","Primary malignant neoplasm of gallbladder","197806","record_count","integer","881","standard_concept &&& vocabulary_id","standard &&& SNOMED"
1,"THIN_fr","codelist_name","lung_cancer","domain_id","condition","Primary malignant neoplasm of retroperitoneum","198091","record_count","integer","183","standard_concept &&& vocabulary_id","standard &&& SNOMED"
1,"THIN_fr","codelist_name","lung_cancer","domain_id","condition","Primary malignant neoplasm of adrenal gland","198104","record_count","integer","316","standard_concept &&& vocabulary_id","standard &&& SNOMED"
1,"THIN_fr","codelist_name","lung_cancer","domain_id","condition","Benign neoplasm of fallopian tubes and uterine ligaments","198108","record_count","integer","18","standard_concept &&& vocabulary_id","standard &&& SNOMED"
1,"THIN_fr","codelist_name","lung_cancer","domain_id","condition","Secondary malignant neoplasm of small intestine","198371","record_count","integer","13","standard_concept &&& vocabulary_id","standard &&& SNOMED"
1,"THIN_fr","codelist_name","lung_cancer","domain_id","condition","Primary malignant neoplasm of kidney","198985","record_count","integer","22798","standard_concept &&& vocabulary_id","standard &&& SNOMED"
1,"THIN_fr","codelist_name","lung_cancer","domain_id","condition","Secondary malignant neoplasm of ovary","199752","record_count","integer","201","standard_concept &&& vocabulary_id","standard &&& SNOMED"
1,"THIN_fr","codelist_name","lung_cancer","domain_id","condition","Primary malignant neoplasm of pancreas","199754","record_count","integer","25270","standard_concept &&& vocabulary_id","standard &&& SNOMED"
1,"THIN_fr","codelist_name","lung_cancer","domain_id","condition","Benign neoplasm of ovary","199764","record_count","integer","2354","standard_concept &&& vocabulary_id","standard &&& SNOMED"
1,"THIN_fr","codelist_name","lung_cancer","domain_id","condition","Primary malignant neoplasm of ovary","200051","record_count","integer","15118","standard_concept &&& vocabulary_id","standard &&& SNOMED"
1,"THIN_fr","codelist_name","lung_cancer","domain_id","condition","Disorder of skin and/or subcutaneous tissue","200174","record_count","integer","594406","standard_concept &&& vocabulary_id","standard &&& SNOMED"
1,"THIN_fr","codelist_name","lung_cancer","domain_id","condition","Secondary malignant neoplasm of large intestine","200348","record_count","integer","372","standard_concept &&& vocabulary_id","standard &&& SNOMED"
1,"THIN_fr","codelist_name","lung_cancer","domain_id","condition","Neoplasm of uncertain behavior of ovary","200675","record_count","integer","624","standard_concept &&& vocabulary_id","standard &&& SNOMED"
1,"THIN_fr","codelist_name","lung_cancer","domain_id","condition","Primary malignant neoplasm of prostate","200962","record_count","integer","213444","standard_concept &&& vocabulary_id","standard &&& SNOMED"
1,"THIN_fr","codelist_name","lung_cancer","domain_id","condition","Atrophic vaginitis","201078","record_count","integer","66308","standard_concept &&& vocabulary_id","standard &&& SNOMED"
1,"THIN_fr","codelist_name","lung_cancer","domain_id","condition","Primary malignant neoplasm of liver","201519","record_count","integer","3361","standard_concept &&& vocabulary_id","standard &&& SNOMED"
1,"THIN_fr","codelist_name","lung_cancer","domain_id","condition","Primary malignant neoplasm of fallopian tube","201801","record_count","integer","115","standard_concept &&& vocabulary_id","standard &&& SNOMED"
1,"THIN_fr","codelist_name","lung_cancer","domain_id","condition","Chronic pulmonary radiation disease","252348","record_count","integer","481","standard_concept &&& vocabulary_id","standard &&& SNOMED"
1,"THIN_fr","codelist_name","lung_cancer","domain_id","condition","Primary malignant neoplasm of upper respiratory tract","252840","record_count","integer","308","standard_concept &&& vocabulary_id","standard &&& SNOMED"
1,"THIN_fr","codelist_name","lung_cancer","domain_id","condition","Disorder of connective tissue","253549","record_count","integer","11410","standard_concept &&& vocabulary_id","standard &&& SNOMED"
1,"THIN_fr","codelist_name","lung_cancer","domain_id","condition","Primary malignant neoplasm of soft palate","254282","record_count","integer","676","standard_concept &&& vocabulary_id","standard &&& SNOMED"
1,"THIN_fr","codelist_name","lung_cancer","domain_id","condition","Secondary malignant neoplasm of lung","254591","record_count","integer","2775","standard_concept &&& vocabulary_id","standard &&& SNOMED"
1,"THIN_fr","codelist_name","lung_cancer","domain_id","condition","Chronic obstructive lung disease","255573","record_count","integer","1326114","standard_concept &&& vocabulary_id","standard &&& SNOMED"
1,"THIN_fr","codelist_name","lung_cancer","domain_id","condition","Chronic bronchitis","255841","record_count","integer","277593","standard_concept &&& vocabulary_id","standard &&& SNOMED"
1,"THIN_fr","codelist_name","lung_cancer","domain_id","condition","Allergic rhinitis due to pollen","256439","record_count","integer","221709","standard_concept &&& vocabulary_id","standard &&& SNOMED"
1,"THIN_fr","codelist_name","lung_cancer","domain_id","condition","Acute exacerbation of chronic obstructive airways disease","257004","record_count","integer","82523","standard_concept &&& vocabulary_id","standard &&& SNOMED"
1,"THIN_fr","codelist_name","lung_cancer","domain_id","condition","Allergic rhinitis","257007","record_count","integer","1204899","standard_concept &&& vocabulary_id","standard &&& SNOMED"
1,"THIN_fr","codelist_name","lung_cancer","domain_id","condition","Chronic sinusitis","257012","record_count","integer","220106","standard_concept &&& vocabulary_id","standard &&& SNOMED"
1,"THIN_fr","codelist_name","lung_cancer","domain_id","condition","Mucopurulent chronic bronchitis","257905","record_count","integer","185358","standard_concept &&& vocabulary_id","standard &&& SNOMED"
1,"THIN_fr","codelist_name","lung_cancer","domain_id","condition","Disorder of lung","257907","record_count","integer","2908","standard_concept &&& vocabulary_id","standard &&& SNOMED"
1,"THIN_fr","codelist_name","lung_cancer","domain_id","condition","Chronic rhinitis","259848","record_count","integer","554555","standard_concept &&& vocabulary_id","standard &&& SNOMED"
1,"THIN_fr","codelist_name","lung_cancer","domain_id","condition","Disorder of bronchus","260131","record_count","integer","119830","standard_concept &&& vocabulary_id","standard &&& SNOMED"
1,"THIN_fr","codelist_name","lung_cancer","domain_id","condition","Primary malignant neoplasm of glottis","260336","record_count","integer","3040","standard_concept &&& vocabulary_id","standard &&& SNOMED"
1,"THIN_fr","codelist_name","lung_cancer","domain_id","condition","Benign neoplasm of bronchus and lung","261255","record_count","integer","1011","standard_concept &&& vocabulary_id","standard &&& SNOMED"
1,"THIN_fr","codelist_name","lung_cancer","domain_id","condition","Pulmonary emphysema","261325","record_count","integer","113039","standard_concept &&& vocabulary_id","standard &&& SNOMED"
1,"THIN_fr","codelist_name","lung_cancer","domain_id","condition","Primary malignant neoplasm of supraglottis","261514","record_count","integer","653","standard_concept &&& vocabulary_id","standard &&& SNOMED"
1,"THIN_fr","codelist_name","lung_cancer","domain_id","condition","Chronic respiratory failure","314971","record_count","integer","102192","standard_concept &&& vocabulary_id","standard &&& SNOMED"
1,"THIN_fr","codelist_name","lung_cancer","domain_id","condition","Chronic respiratory condition due to fumes AND/OR vapors","316452","record_count","integer","267","standard_concept &&& vocabulary_id","non-standard &&& SNOMED"
1,"THIN_fr","codelist_name","lung_cancer","domain_id","condition","Secondary malignant neoplasm of lymph node","318096","record_count","integer","446","standard_concept &&& vocabulary_id","standard &&& SNOMED"
1,"THIN_fr","codelist_name","lung_cancer","domain_id","condition","Disorder of respiratory system","320136","record_count","integer","775","standard_concept &&& vocabulary_id","standard &&& SNOMED"
1,"THIN_fr","codelist_name","lung_cancer","domain_id","condition","Disorder of artery","321887","record_count","integer","256898","standard_concept &&& vocabulary_id","standard &&& SNOMED"
1,"THIN_fr","codelist_name","lung_cancer","domain_id","condition","Neonatal dacryocystitis and conjunctivitis","373870","record_count","integer","1389","standard_concept &&& vocabulary_id","standard &&& SNOMED"
1,"THIN_fr","codelist_name","lung_cancer","domain_id","condition","Chronic conjunctivitis","374036","record_count","integer","40940","standard_concept &&& vocabulary_id","standard &&& SNOMED"
1,"THIN_fr","codelist_name","lung_cancer","domain_id","condition","Neoplasm of uncertain behavior of soft tissues","374313","record_count","integer","1653","standard_concept &&& vocabulary_id","standard &&& SNOMED"
1,"THIN_fr","codelist_name","lung_cancer","domain_id","condition","Blepharoconjunctivitis","374347","record_count","integer","6789","standard_concept &&& vocabulary_id","standard &&& SNOMED"
1,"THIN_fr","codelist_name","lung_cancer","domain_id","condition","Pterygium","375552","record_count","integer","1996","standard_concept &&& vocabulary_id","standard &&& SNOMED"
1,"THIN_fr","codelist_name","lung_cancer","domain_id","condition","Disorder of soft tissue","376208","record_count","integer","2964","standard_concept &&& vocabulary_id","standard &&& SNOMED"
1,"THIN_fr","codelist_name","lung_cancer","domain_id","condition","Mucopurulent conjunctivitis","376422","record_count","integer","149232","standard_concept &&& vocabulary_id","standard &&& SNOMED"
1,"THIN_fr","codelist_name","lung_cancer","domain_id","condition","Primary malignant neoplasm of soft tissues","376647","record_count","integer","7896","standard_concept &&& vocabulary_id","standard &&& SNOMED"
1,"THIN_fr","codelist_name","lung_cancer","domain_id","condition","Acute conjunctivitis","376707","record_count","integer","630993","standard_concept &&& vocabulary_id","standard &&& SNOMED"
1,"THIN_fr","codelist_name","lung_cancer","domain_id","condition","Neurofibromatosis syndrome","376938","record_count","integer","5075","standard_concept &&& vocabulary_id","standard &&& SNOMED"
1,"THIN_fr","codelist_name","lung_cancer","domain_id","condition","Overlapping malignant neoplasm of soft tissues","378081","record_count","integer","48","standard_concept &&& vocabulary_id","standard &&& SNOMED"
1,"THIN_fr","codelist_name","lung_cancer","domain_id","condition","Conjunctival hemorrhage","378756","record_count","integer","45950","standard_concept &&& vocabulary_id","standard &&& SNOMED"
1,"THIN_fr","codelist_name","lung_cancer","domain_id","condition","Conjunctivitis","379019","record_count","integer","1033082","standard_concept &&& vocabulary_id","standard &&& SNOMED"
1,"THIN_fr","codelist_name","lung_cancer","domain_id","condition","Primary malignant neoplasm of mandible","379756","record_count","integer","743","standard_concept &&& vocabulary_id","standard &&& SNOMED"
1,"THIN_fr","codelist_name","lung_cancer","domain_id","condition","Acute atopic conjunctivitis","380111","record_count","integer","344779","standard_concept &&& vocabulary_id","standard &&& SNOMED"
1,"THIN_fr","codelist_name","lung_cancer","domain_id","condition","Keratoconjunctivitis","380397","record_count","integer","10","standard_concept &&& vocabulary_id","standard &&& SNOMED"
1,"THIN_fr","codelist_name","lung_cancer","domain_id","condition","Trachoma","380640","record_count","integer","83","standard_concept &&& vocabulary_id","standard &&& SNOMED"
1,"THIN_fr","codelist_name","lung_cancer","domain_id","condition","Disorder of conjunctiva","381854","record_count","integer","13189","standard_concept &&& vocabulary_id","standard &&& SNOMED"
1,"THIN_fr","codelist_name","lung_cancer","domain_id","condition","Primary malignant neoplasm of transverse colon","432257","record_count","integer","769","standard_concept &&& vocabulary_id","standard &&& SNOMED"
1,"THIN_fr","codelist_name","lung_cancer","domain_id","condition","Chronic disease of tonsils AND/OR adenoids","432347","record_count","integer","64","standard_concept &&& vocabulary_id","standard &&& SNOMED"
1,"THIN_fr","codelist_name","lung_cancer","domain_id","condition","Primary malignant neoplasm of cecum","432837","record_count","integer","2423","standard_concept &&& vocabulary_id","standard &&& SNOMED"
1,"THIN_fr","codelist_name","lung_cancer","domain_id","condition","Primary malignant neoplasm of cardia of stomach","432838","record_count","integer","1175","standard_concept &&& vocabulary_id","standard &&& SNOMED"
1,"THIN_fr","codelist_name","lung_cancer","domain_id","condition","Secondary malignant neoplastic disease","432851","record_count","integer","1212","standard_concept &&& vocabulary_id","standard &&& SNOMED"
1,"THIN_fr","codelist_name","lung_cancer","domain_id","condition","Leukoplakia of cervix","432962","record_count","integer","263","standard_concept &&& vocabulary_id","standard &&& SNOMED"
1,"THIN_fr","codelist_name","lung_cancer","domain_id","condition","Primary malignant neoplasm of appendix","433143","record_count","integer","3430","standard_concept &&& vocabulary_id","standard &&& SNOMED"
1,"THIN_fr","codelist_name","lung_cancer","domain_id","condition","Disorder of pulmonary circulation","433208","record_count","integer","187","standard_concept &&& vocabulary_id","standard &&& SNOMED"
1,"THIN_fr","codelist_name","lung_cancer","domain_id","condition","Primary malignant neoplasm of testis","433716","record_count","integer","7470","standard_concept &&& vocabulary_id","standard &&& SNOMED"
1,"THIN_fr","codelist_name","lung_cancer","domain_id","condition","White blood cell disorder","434008","record_count","integer","42760","standard_concept &&& vocabulary_id","standard &&& SNOMED"
1,"THIN_fr","codelist_name","lung_cancer","domain_id","condition","Secondary malignant neoplasm of lymph nodes of upper limb","434298","record_count","integer","454","standard_concept &&& vocabulary_id","standard &&& SNOMED"
1,"THIN_fr","codelist_name","lung_cancer","domain_id","condition","Kaposi's sarcoma (clinical)","434584","record_count","integer","1386","standard_concept &&& vocabulary_id","standard &&& SNOMED"
1,"THIN_fr","codelist_name","lung_cancer","domain_id","condition","Tight hymenal ring","434688","record_count","integer","62","standard_concept &&& vocabulary_id","standard &&& SNOMED"
1,"THIN_fr","codelist_name","lung_cancer","domain_id","condition","Primary malignant neoplasm of pyriform sinus","435190","record_count","integer","1943","standard_concept &&& vocabulary_id","standard &&& SNOMED"
1,"THIN_fr","codelist_name","lung_cancer","domain_id","condition","Amniotic fluid embolism","435616","record_count","integer","224","standard_concept &&& vocabulary_id","standard &&& SNOMED"
1,"THIN_fr","codelist_name","lung_cancer","domain_id","condition","Primary malignant neoplasm of duodenum","435752","record_count","integer","942","standard_concept &&& vocabulary_id","standard &&& SNOMED"
1,"THIN_fr","codelist_name","lung_cancer","domain_id","condition","Primary malignant neoplasm of skin of eyelid","435755","record_count","integer","263","standard_concept &&& vocabulary_id","standard &&& SNOMED"
1,"THIN_fr","codelist_name","lung_cancer","domain_id","condition","Primary malignant neoplasm of anal canal","436348","record_count","integer","3433","standard_concept &&& vocabulary_id","standard &&& SNOMED"
1,"THIN_fr","codelist_name","lung_cancer","domain_id","condition","Primary malignant neoplasm of laryngeal cartilage","436352","record_count","integer","279","standard_concept &&& vocabulary_id","standard &&& SNOMED"
1,"THIN_fr","codelist_name","lung_cancer","domain_id","condition","Primary malignant neoplasm of sigmoid colon","436635","record_count","integer","10517","standard_concept &&& vocabulary_id","standard &&& SNOMED"
1,"THIN_fr","codelist_name","lung_cancer","domain_id","condition","Tongue tie","436812","record_count","integer","3706","standard_concept &&& vocabulary_id","standard &&& SNOMED"
1,"THIN_fr","codelist_name","lung_cancer","domain_id","condition","Primary malignant neoplasm of tongue","437498","record_count","integer","8384","standard_concept &&& vocabulary_id","standard &&& SNOMED"
1,"THIN_fr","codelist_name","lung_cancer","domain_id","condition","Primary malignant neoplasm of labia majora","437501","record_count","integer","25","standard_concept &&& vocabulary_id","standard &&& SNOMED"
1,"THIN_fr","codelist_name","lung_cancer","domain_id","condition","Primary malignant neoplasm of vallecula","438360","record_count","integer","292","standard_concept &&& vocabulary_id","standard &&& SNOMED"
1,"THIN_fr","codelist_name","lung_cancer","domain_id","condition","Primary malignant neoplasm of thymus","438368","record_count","integer","353","standard_concept &&& vocabulary_id","standard &&& SNOMED"
1,"THIN_fr","codelist_name","lung_cancer","domain_id","condition","Primary malignant neoplasm of glans penis","438370","record_count","integer","213","standard_concept &&& vocabulary_id","standard &&& SNOMED"
1,"THIN_fr","codelist_name","lung_cancer","domain_id","condition","Primary malignant neoplasm of rectosigmoid junction","438699","record_count","integer","6067","standard_concept &&& vocabulary_id","standard &&& SNOMED"
1,"THIN_fr","codelist_name","lung_cancer","domain_id","condition","Primary malignant neoplasm of ribs and/or sternum and/or clavicle","438977","record_count","integer","54","standard_concept &&& vocabulary_id","standard &&& SNOMED"
1,"THIN_fr","codelist_name","lung_cancer","domain_id","condition","Secondary malignant neoplasm of intrathoracic lymph nodes","439751","record_count","integer","201","standard_concept &&& vocabulary_id","standard &&& SNOMED"
1,"THIN_fr","codelist_name","lung_cancer","domain_id","condition","Benign neoplasm of trachea","439763","record_count","integer","10","standard_concept &&& vocabulary_id","standard &&& SNOMED"
1,"THIN_fr","codelist_name","lung_cancer","domain_id","condition","Neoplasm of uncertain behavior of thymus","439773","record_count","integer","6155","standard_concept &&& vocabulary_id","standard &&& SNOMED"
1,"THIN_fr","codelist_name","lung_cancer","domain_id","condition","Disorder of mediastinum","440142","record_count","integer","492","standard_concept &&& vocabulary_id","standard &&& SNOMED"
1,"THIN_fr","codelist_name","lung_cancer","domain_id","condition","Disorder of immune function","440371","record_count","integer","6937","standard_concept &&& vocabulary_id","standard &&& SNOMED"
1,"THIN_fr","codelist_name","lung_cancer","domain_id","condition","Primary malignant neoplasm of ampulla of Vater","441225","record_count","integer","2655","standard_concept &&& vocabulary_id","standard &&& SNOMED"
1,"THIN_fr","codelist_name","lung_cancer","domain_id","condition","Primary malignant neoplasm of axillary tail of breast","441513","record_count","integer","36","standard_concept &&& vocabulary_id","standard &&& SNOMED"
1,"THIN_fr","codelist_name","lung_cancer","domain_id","condition","Primary malignant neoplasm of descending colon","441800","record_count","integer","1148","standard_concept &&& vocabulary_id","standard &&& SNOMED"
1,"THIN_fr","codelist_name","lung_cancer","domain_id","condition","Primary malignant neoplasm of labia minora","441802","record_count","integer","8","standard_concept &&& vocabulary_id","standard &&& SNOMED"
1,"THIN_fr","codelist_name","lung_cancer","domain_id","condition","Neoplasm of uncertain behavior of craniopharyngeal duct","442167","record_count","integer","2503","standard_concept &&& vocabulary_id","standard &&& SNOMED"
1,"THIN_fr","codelist_name","lung_cancer","domain_id","condition","Barrett's esophagus","443344","record_count","integer","78403","standard_concept &&& vocabulary_id","standard &&& SNOMED"
1,"THIN_fr","codelist_name","lung_cancer","domain_id","condition","Malignant neoplastic disease","443392","record_count","integer","92059","standard_concept &&& vocabulary_id","standard &&& SNOMED"
1,"THIN_fr","codelist_name","lung_cancer","domain_id","condition","Benign neoplasm of paraganglion","444463","record_count","integer","155","standard_concept &&& vocabulary_id","standard &&& SNOMED"
1,"THIN_fr","codelist_name","lung_cancer","domain_id","condition","Liver cell carcinoma","4001171","record_count","integer","8980","standard_concept &&& vocabulary_id","standard &&& SNOMED"
1,"THIN_fr","codelist_name","lung_cancer","domain_id","condition","Intrahepatic bile duct carcinoma","4001664","record_count","integer","2177","standard_concept &&& vocabulary_id","standard &&& SNOMED"
1,"THIN_fr","codelist_name","lung_cancer","domain_id","condition","Mesothelioma of peritoneum","4001666","record_count","integer","60","standard_concept &&& vocabulary_id","standard &&& SNOMED"
1,"THIN_fr","codelist_name","lung_cancer","domain_id","condition","Neoplasm of uncertain behavior of peripheral nerves and peripheral autonomic nervous system","4002341","record_count","integer","283","standard_concept &&& vocabulary_id","standard &&& SNOMED"
1,"THIN_fr","codelist_name","lung_cancer","domain_id","condition","Disorder of integument","4028387","record_count","integer","279071","standard_concept &&& vocabulary_id","standard &&& SNOMED"
1,"THIN_fr","codelist_name","lung_cancer","domain_id","condition","Malignant mast cell tumor (clinical)","4040379","record_count","integer","248","standard_concept &&& vocabulary_id","standard &&& SNOMED"
1,"THIN_fr","codelist_name","lung_cancer","domain_id","condition","Mycosis fungoides (clinical)","4040380","record_count","integer","3122","standard_concept &&& vocabulary_id","standard &&& SNOMED"
1,"THIN_fr","codelist_name","lung_cancer","domain_id","condition","Malignant histiocytosis (clinical)","4041104","record_count","integer","464","standard_concept &&& vocabulary_id","standard &&& SNOMED"
1,"THIN_fr","codelist_name","lung_cancer","domain_id","condition","Sezary's disease","4041799","record_count","integer","319","standard_concept &&& vocabulary_id","standard &&& SNOMED"
1,"THIN_fr","codelist_name","lung_cancer","domain_id","condition","Disorder of thorax","4043346","record_count","integer","2659","standard_concept &&& vocabulary_id","standard &&& SNOMED"
1,"THIN_fr","codelist_name","lung_cancer","domain_id","condition","Chronic superficial gastritis","4057513","record_count","integer","77","standard_concept &&& vocabulary_id","standard &&& SNOMED"
1,"THIN_fr","codelist_name","lung_cancer","domain_id","condition","Malignant neoplasm of specified parts of peritoneum","4092077","record_count","integer","115","standard_concept &&& vocabulary_id","non-standard &&& SNOMED"
1,"THIN_fr","codelist_name","lung_cancer","domain_id","condition","Malignant neoplasm of orbital bone","4092223","record_count","integer","199","standard_concept &&& vocabulary_id","standard &&& SNOMED"
1,"THIN_fr","codelist_name","lung_cancer","domain_id","condition","Malignant neoplasm of connective and soft tissue of thorax","4092358","record_count","integer","62","standard_concept &&& vocabulary_id","standard &&& SNOMED"
1,"THIN_fr","codelist_name","lung_cancer","domain_id","condition","Malignant neoplasm, overlapping lesion of breast","4092513","record_count","integer","25","standard_concept &&& vocabulary_id","standard &&& SNOMED"
1,"THIN_fr","codelist_name","lung_cancer","domain_id","condition","Carcinoma in situ of bronchus and lung","4093960","record_count","integer","215","standard_concept &&& vocabulary_id","standard &&& SNOMED"
1,"THIN_fr","codelist_name","lung_cancer","domain_id","condition","Infective conjunctivitis","4103653","record_count","integer","2996","standard_concept &&& vocabulary_id","standard &&& SNOMED"
1,"THIN_fr","codelist_name","lung_cancer","domain_id","condition","Conjunctival degenerations and deposits","4109701","record_count","integer","156","standard_concept &&& vocabulary_id","standard &&& SNOMED"
1,"THIN_fr","codelist_name","lung_cancer","domain_id","condition","Malignant tumor of acoustic vestibular nerve","4110889","record_count","integer","1441","standard_concept &&& vocabulary_id","standard &&& SNOMED"
1,"THIN_fr","codelist_name","lung_cancer","domain_id","condition","Malignant mesothelioma of pleura","4111917","record_count","integer","3540","standard_concept &&& vocabulary_id","standard &&& SNOMED"
1,"THIN_fr","codelist_name","lung_cancer","domain_id","condition","Leukoplakia of vulva","4113837","record_count","integer","2045","standard_concept &&& vocabulary_id","standard &&& SNOMED"
1,"THIN_fr","codelist_name","lung_cancer","domain_id","condition","Malignant tumor of soft tissue of head, face and neck","4118989","record_count","integer","52","standard_concept &&& vocabulary_id","standard &&& SNOMED"
1,"THIN_fr","codelist_name","lung_cancer","domain_id","condition","Histiocytic syndrome","4130197","record_count","integer","47","standard_concept &&& vocabulary_id","standard &&& SNOMED"
1,"THIN_fr","codelist_name","lung_cancer","domain_id","condition","Polyp of nasal sinus","4138403","record_count","integer","90979","standard_concept &&& vocabulary_id","standard &&& SNOMED"
1,"THIN_fr","codelist_name","lung_cancer","domain_id","condition","Enteroviral vesicular stomatitis with exanthem","4141481","record_count","integer","75095","standard_concept &&& vocabulary_id","standard &&& SNOMED"
1,"THIN_fr","codelist_name","lung_cancer","domain_id","condition","Malignant tumor of lymphoid hemopoietic and related tissue","4147164","record_count","integer","456","standard_concept &&& vocabulary_id","standard &&& SNOMED"
1,"THIN_fr","codelist_name","lung_cancer","domain_id","condition","Primary malignant neoplasm of breast upper inner quadrant","4158563","record_count","integer","22","standard_concept &&& vocabulary_id","standard &&& SNOMED"
1,"THIN_fr","codelist_name","lung_cancer","domain_id","condition","Primary malignant neoplasm of adrenal cortex","4162115","record_count","integer","394","standard_concept &&& vocabulary_id","standard &&& SNOMED"
1,"THIN_fr","codelist_name","lung_cancer","domain_id","condition","Primary malignant neoplasm of breast","4162253","record_count","integer","509932","standard_concept &&& vocabulary_id","standard &&& SNOMED"
1,"THIN_fr","codelist_name","lung_cancer","domain_id","condition","Primary malignant neoplasm of adrenal medulla","4162859","record_count","integer","68","standard_concept &&& vocabulary_id","standard &&& SNOMED"
1,"THIN_fr","codelist_name","lung_cancer","domain_id","condition","Primary malignant neoplasm of body of uterus","4162860","record_count","integer","136","standard_concept &&& vocabulary_id","standard &&& SNOMED"
1,"THIN_fr","codelist_name","lung_cancer","domain_id","condition","Panacinar emphysema","4177944","record_count","integer","363","standard_concept &&& vocabulary_id","standard &&& SNOMED"
1,"THIN_fr","codelist_name","lung_cancer","domain_id","condition","Cartilage disorder","4178431","record_count","integer","37611","standard_concept &&& vocabulary_id","standard &&& SNOMED"
1,"THIN_fr","codelist_name","lung_cancer","domain_id","condition","Disorder of body system","4180628","record_count","integer","484","standard_concept &&& vocabulary_id","standard &&& SNOMED"
1,"THIN_fr","codelist_name","lung_cancer","domain_id","condition","Primary malignant neoplasm of breast upper outer quadrant","4187850","record_count","integer","145","standard_concept &&& vocabulary_id","standard &&& SNOMED"
1,"THIN_fr","codelist_name","lung_cancer","domain_id","condition","Primary malignant neoplasm of breast lower outer quadrant","4188545","record_count","integer","60","standard_concept &&& vocabulary_id","standard &&& SNOMED"
1,"THIN_fr","codelist_name","lung_cancer","domain_id","condition","Skin AND/OR mucosa finding","4212577","record_count","integer","10809","standard_concept &&& vocabulary_id","standard &&& SNOMED"
1,"THIN_fr","codelist_name","lung_cancer","domain_id","condition","Chronic pansinusitis","4230641","record_count","integer","6235","standard_concept &&& vocabulary_id","standard &&& SNOMED"
1,"THIN_fr","codelist_name","lung_cancer","domain_id","condition","Benign neoplasm of pituitary gland","4242816","record_count","integer","49305","standard_concept &&& vocabulary_id","standard &&& SNOMED"
1,"THIN_fr","codelist_name","lung_cancer","domain_id","condition","Benign neoplasm of pancreas","4243445","record_count","integer","7823","standard_concept &&& vocabulary_id","standard &&& SNOMED"
1,"THIN_fr","codelist_name","lung_cancer","domain_id","condition","Benign neoplasm of the peritoneum","4243596","record_count","integer","8","standard_concept &&& vocabulary_id","standard &&& SNOMED"
1,"THIN_fr","codelist_name","lung_cancer","domain_id","condition","Disorder of musculoskeletal system","4244662","record_count","integer","10300","standard_concept &&& vocabulary_id","standard &&& SNOMED"
1,"THIN_fr","codelist_name","lung_cancer","domain_id","condition","Primary malignant neoplasm of cauda equina","4246029","record_count","integer","8","standard_concept &&& vocabulary_id","standard &&& SNOMED"
1,"THIN_fr","codelist_name","lung_cancer","domain_id","condition","Secondary malignant neoplasm of brain","4246451","record_count","integer","1824","standard_concept &&& vocabulary_id","standard &&& SNOMED"
1,"THIN_fr","codelist_name","lung_cancer","domain_id","condition","Primary malignant neoplasm of endometrium","4247238","record_count","integer","8326","standard_concept &&& vocabulary_id","standard &&& SNOMED"
1,"THIN_fr","codelist_name","lung_cancer","domain_id","condition","Primary malignant neoplasm of ascending colon","4247719","record_count","integer","2761","standard_concept &&& vocabulary_id","standard &&& SNOMED"
1,"THIN_fr","codelist_name","lung_cancer","domain_id","condition","Primary malignant neoplasm of myometrium","4247842","record_count","integer","6","standard_concept &&& vocabulary_id","standard &&& SNOMED"
1,"THIN_fr","codelist_name","lung_cancer","domain_id","condition","Secondary malignant neoplasm of gastrointestinal tract","4247962","record_count","integer","464","standard_concept &&& vocabulary_id","standard &&& SNOMED"
1,"THIN_fr","codelist_name","lung_cancer","domain_id","condition","Nodular fasciitis","4266330","record_count","integer","208","standard_concept &&& vocabulary_id","standard &&& SNOMED"
1,"THIN_fr","codelist_name","lung_cancer","domain_id","condition","Seasonal allergic rhinitis","4280726","record_count","integer","124977","standard_concept &&& vocabulary_id","standard &&& SNOMED"
1,"THIN_fr","codelist_name","lung_cancer","domain_id","condition","Vasomotor rhinitis","4305500","record_count","integer","59177","standard_concept &&& vocabulary_id","standard &&& SNOMED"
1,"THIN_fr","codelist_name","lung_cancer","domain_id","condition","Dupuytren's disease of palm","4308093","record_count","integer","36412","standard_concept &&& vocabulary_id","standard &&& SNOMED"
1,"THIN_fr","codelist_name","lung_cancer","domain_id","condition","Congenital tracheomalacia","4316227","record_count","integer","52","standard_concept &&& vocabulary_id","standard &&& SNOMED"
1,"THIN_fr","codelist_name","lung_cancer","domain_id","condition","Neoplasm of uncertain behavior of multiple endocrine glands","4316507","record_count","integer","690","standard_concept &&& vocabulary_id","standard &&& SNOMED"
1,"THIN_fr","codelist_name","lung_cancer","domain_id","condition","Disorder of skin","4317258","record_count","integer","10894","standard_concept &&& vocabulary_id","standard &&& SNOMED"
1,"THIN_fr","codelist_name","lung_cancer","domain_id","condition","Rhinitis","4320791","record_count","integer","7300","standard_concept &&& vocabulary_id","standard &&& SNOMED"
1,"THIN_fr","codelist_name","lung_cancer","domain_id","condition","Recurrent aphthous stomatitis","36716659","record_count","integer","212840","standard_concept &&& vocabulary_id","standard &&& SNOMED"
1,"THIN_fr","codelist_name","lung_cancer","domain_id","condition","Lesion of oral mucosa","37016130","record_count","integer","46721","standard_concept &&& vocabulary_id","standard &&& SNOMED"
1,"THIN_fr","codelist_name","lung_cancer","domain_id","condition","Primary malignant neoplasm of extrahepatic bile duct","40486896","record_count","integer","657","standard_concept &&& vocabulary_id","standard &&& SNOMED"
1,"THIN_fr","codelist_name","lung_cancer","domain_id","condition","Polyp of nasal cavity and/or nasal sinus","42537251","record_count","integer","263","standard_concept &&& vocabulary_id","standard &&& SNOMED"
1,"THIN_fr","codelist_name","lung_cancer","domain_id","condition","Burn of cornea and conjunctival sac","44784606","record_count","integer","1822","standard_concept &&& vocabulary_id","standard &&& SNOMED"
1,"THIN_fr","codelist_name","lung_cancer","domain_id","condition","Secondary malignant neoplasm of liver and intrahepatic bile duct","44806773","record_count","integer","3540","standard_concept &&& vocabulary_id","standard &&& SNOMED"
1,"THIN_fr","codelist_name","lung_cancer","domain_id","condition","Disturbance of oral epithelium","45757558","record_count","integer","2374","standard_concept &&& vocabulary_id","standard &&& SNOMED"
1,"THIN_fr","codelist_name","lung_cancer","domain_id","condition","Primary malignant neoplasm of uterus","45770892","record_count","integer","7660","standard_concept &&& vocabulary_id","standard &&& SNOMED"
1,"THIN_fr","codelist_name","lung_cancer","domain_id","condition","Neoplasm of uncertain behavior of pineal gland","22871","person_count","integer","11","standard_concept &&& vocabulary_id","standard &&& SNOMED"
1,"THIN_fr","codelist_name","lung_cancer","domain_id","condition","Chronic tonsillitis","23220","person_count","integer","14800","standard_concept &&& vocabulary_id","standard &&& SNOMED"
1,"THIN_fr","codelist_name","lung_cancer","domain_id","condition","Benign neoplasm of larynx","23731","person_count","integer","29","standard_concept &&& vocabulary_id","standard &&& SNOMED"
1,"THIN_fr","codelist_name","lung_cancer","domain_id","condition","Primary malignant neoplasm of pituitary gland","24296","person_count","integer","184","standard_concept &&& vocabulary_id","standard &&& SNOMED"
1,"THIN_fr","codelist_name","lung_cancer","domain_id","condition","Chronic laryngitis","24970","person_count","integer","4753","standard_concept &&& vocabulary_id","standard &&& SNOMED"
1,"THIN_fr","codelist_name","lung_cancer","domain_id","condition","Primary malignant neoplasm of islets of Langerhans","25486","person_count","integer","848","standard_concept &&& vocabulary_id","standard &&& SNOMED"
1,"THIN_fr","codelist_name","lung_cancer","domain_id","condition","Primary malignant neoplasm of larynx","26052","person_count","integer","1378","standard_concept &&& vocabulary_id","standard &&& SNOMED"
1,"THIN_fr","codelist_name","lung_cancer","domain_id","condition","Primary malignant neoplasm of pineal gland","26361","person_count","integer","31","standard_concept &&& vocabulary_id","standard &&& SNOMED"
1,"THIN_fr","codelist_name","lung_cancer","domain_id","condition","Chronic pharyngitis","26711","person_count","integer","9349","standard_concept &&& vocabulary_id","standard &&& SNOMED"
1,"THIN_fr","codelist_name","lung_cancer","domain_id","condition","Chronic laryngotracheitis","26719","person_count","integer","1883","standard_concept &&& vocabulary_id","standard &&& SNOMED"
1,"THIN_fr","codelist_name","lung_cancer","domain_id","condition","Neoplasm of uncertain behavior of paraganglia","27516","person_count","integer","51","standard_concept &&& vocabulary_id","standard &&& SNOMED"
1,"THIN_fr","codelist_name","lung_cancer","domain_id","condition","Benign neoplasm of pharynx","30356","person_count","integer","143","standard_concept &&& vocabulary_id","standard &&& SNOMED"
1,"THIN_fr","codelist_name","lung_cancer","domain_id","condition","Primary malignant neoplasm of tonsil","31509","person_count","integer","1478","standard_concept &&& vocabulary_id","standard &&& SNOMED"
1,"THIN_fr","codelist_name","lung_cancer","domain_id","condition","Secondary malignant neoplasm of pleura","72266","person_count","integer","222","standard_concept &&& vocabulary_id","standard &&& SNOMED"
1,"THIN_fr","codelist_name","lung_cancer","domain_id","condition","Primary malignant neoplasm of rectum","74582","person_count","integer","7776","standard_concept &&& vocabulary_id","standard &&& SNOMED"
1,"THIN_fr","codelist_name","lung_cancer","domain_id","condition","Disorder of bone","75909","person_count","integer","74126","standard_concept &&& vocabulary_id","standard &&& SNOMED"
1,"THIN_fr","codelist_name","lung_cancer","domain_id","condition","Primary malignant neoplasm of urinary system","76349","person_count","integer","317","standard_concept &&& vocabulary_id","standard &&& SNOMED"
1,"THIN_fr","codelist_name","lung_cancer","domain_id","condition","Primary malignant neoplasm of bone","76914","person_count","integer","672","standard_concept &&& vocabulary_id","standard &&& SNOMED"
1,"THIN_fr","codelist_name","lung_cancer","domain_id","condition","Disorder of breast","77030","person_count","integer","9983","standard_concept &&& vocabulary_id","standard &&& SNOMED"
1,"THIN_fr","codelist_name","lung_cancer","domain_id","condition","Primary malignant neoplasm of pleura","78093","person_count","integer","167","standard_concept &&& vocabulary_id","standard &&& SNOMED"
1,"THIN_fr","codelist_name","lung_cancer","domain_id","condition","Secondary malignant neoplasm of bone","78097","person_count","integer","2690","standard_concept &&& vocabulary_id","standard &&& SNOMED"
1,"THIN_fr","codelist_name","lung_cancer","domain_id","condition","Reactive arthritis triad","78357","person_count","integer","561","standard_concept &&& vocabulary_id","standard &&& SNOMED"
1,"THIN_fr","codelist_name","lung_cancer","domain_id","condition","Breast lump","80767","person_count","integer","45084","standard_concept &&& vocabulary_id","standard &&& SNOMED"
1,"THIN_fr","codelist_name","lung_cancer","domain_id","condition","Primary malignant neoplasm of vermilion border of lower lip","132565","person_count","integer","150","standard_concept &&& vocabulary_id","standard &&& SNOMED"
1,"THIN_fr","codelist_name","lung_cancer","domain_id","condition","Primary malignant neoplasm of skin of trunk","133147","person_count","integer","1098","standard_concept &&& vocabulary_id","standard &&& SNOMED"
1,"THIN_fr","codelist_name","lung_cancer","domain_id","condition","Primary malignant neoplasm of thyroid gland","133424","person_count","integer","9606","standard_concept &&& vocabulary_id","standard &&& SNOMED"
1,"THIN_fr","codelist_name","lung_cancer","domain_id","condition","Malignant melanoma of skin of face","133713","person_count","integer","141","standard_concept &&& vocabulary_id","standard &&& SNOMED"
1,"THIN_fr","codelist_name","lung_cancer","domain_id","condition","Disorder of cardiovascular system","134057","person_count","integer","11755","standard_concept &&& vocabulary_id","standard &&& SNOMED"
1,"THIN_fr","codelist_name","lung_cancer","domain_id","condition","Benign neoplasm of parathyroid gland","134304","person_count","integer","762","standard_concept &&& vocabulary_id","standard &&& SNOMED"
1,"THIN_fr","codelist_name","lung_cancer","domain_id","condition","Plantar fascial fibromatosis","134460","person_count","integer","62791","standard_concept &&& vocabulary_id","standard &&& SNOMED"
1,"THIN_fr","codelist_name","lung_cancer","domain_id","condition","Primary malignant neoplasm of floor of mouth","135750","person_count","integer","270","standard_concept &&& vocabulary_id","standard &&& SNOMED"
1,"THIN_fr","codelist_name","lung_cancer","domain_id","condition","Neoplasm of uncertain behavior of skin","135777","person_count","integer","13932","standard_concept &&& vocabulary_id","standard &&& SNOMED"
1,"THIN_fr","codelist_name","lung_cancer","domain_id","condition","Secondary malignant neoplasm of skin","136354","person_count","integer","98","standard_concept &&& vocabulary_id","standard &&& SNOMED"
1,"THIN_fr","codelist_name","lung_cancer","domain_id","condition","Primary malignant neoplasm of sphenoidal sinus","136639","person_count","integer","16","standard_concept &&& vocabulary_id","standard &&& SNOMED"
1,"THIN_fr","codelist_name","lung_cancer","domain_id","condition","Benign neoplasm of endocrine gland","136937","person_count","integer","14","standard_concept &&& vocabulary_id","standard &&& SNOMED"
1,"THIN_fr","codelist_name","lung_cancer","domain_id","condition","Primary malignant neoplasm of vermilion border of upper lip","138074","person_count","integer","14","standard_concept &&& vocabulary_id","standard &&& SNOMED"
1,"THIN_fr","codelist_name","lung_cancer","domain_id","condition","Stomatitis","138455","person_count","integer","26445","standard_concept &&& vocabulary_id","standard &&& SNOMED"
1,"THIN_fr","codelist_name","lung_cancer","domain_id","condition","Primary malignant neoplasm of skin","139750","person_count","integer","24428","standard_concept &&& vocabulary_id","standard &&& SNOMED"
1,"THIN_fr","codelist_name","lung_cancer","domain_id","condition","Primary malignant neoplasm of ethmoidal sinus","140046","person_count","integer","60","standard_concept &&& vocabulary_id","standard &&& SNOMED"
1,"THIN_fr","codelist_name","lung_cancer","domain_id","condition","Neoplasm of uncertain behavior of endocrine gland","140357","person_count","integer","118","standard_concept &&& vocabulary_id","standard &&& SNOMED"
1,"THIN_fr","codelist_name","lung_cancer","domain_id","condition","Malignant melanoma of skin","141232","person_count","integer","11326","standard_concept &&& vocabulary_id","standard &&& SNOMED"
1,"THIN_fr","codelist_name","lung_cancer","domain_id","condition","Benign neoplasm of thyroid gland","141249","person_count","integer","119","standard_concept &&& vocabulary_id","standard &&& SNOMED"
1,"THIN_fr","codelist_name","lung_cancer","domain_id","condition","Skin finding","141960","person_count","integer","9082","standard_concept &&& vocabulary_id","standard &&& SNOMED"
1,"THIN_fr","codelist_name","lung_cancer","domain_id","condition","Benign neoplasm of adrenal gland","192273","person_count","integer","3628","standard_concept &&& vocabulary_id","standard &&& SNOMED"
1,"THIN_fr","codelist_name","lung_cancer","domain_id","condition","Atrophic gastritis","192667","person_count","integer","1512","standard_concept &&& vocabulary_id","standard &&& SNOMED"
1,"THIN_fr","codelist_name","lung_cancer","domain_id","condition","Primary malignant neoplasm of small intestine","192836","person_count","integer","274","standard_concept &&& vocabulary_id","standard &&& SNOMED"
1,"THIN_fr","codelist_name","lung_cancer","domain_id","condition","Secondary malignant neoplasm of adrenal gland","193144","person_count","integer","46","standard_concept &&& vocabulary_id","standard &&& SNOMED"
1,"THIN_fr","codelist_name","lung_cancer","domain_id","condition","Imperforate hymen","193587","person_count","integer","170","standard_concept &&& vocabulary_id","standard &&& SNOMED"
1,"THIN_fr","codelist_name","lung_cancer","domain_id","condition","Benign tumor of endocrine pancreas","193722","person_count","integer","630","standard_concept &&& vocabulary_id","standard &&& SNOMED"
1,"THIN_fr","codelist_name","lung_cancer","domain_id","condition","Primary malignant neoplasm of biliary tract","194589","person_count","integer","3477","standard_concept &&& vocabulary_id","standard &&& SNOMED"
1,"THIN_fr","codelist_name","lung_cancer","domain_id","condition","Leukoplakia of vagina","194703","person_count","integer","27","standard_concept &&& vocabulary_id","standard &&& SNOMED"
1,"THIN_fr","codelist_name","lung_cancer","domain_id","condition","Primary malignant neoplasm of vulva","195197","person_count","integer","4416","standard_concept &&& vocabulary_id","standard &&& SNOMED"
1,"THIN_fr","codelist_name","lung_cancer","domain_id","condition","Primary malignant neoplasm of renal pelvis","195480","person_count","integer","149","standard_concept &&& vocabulary_id","standard &&& SNOMED"
1,"THIN_fr","codelist_name","lung_cancer","domain_id","condition","Primary malignant neoplasm of intestinal tract","195482","person_count","integer","302","standard_concept &&& vocabulary_id","standard &&& SNOMED"
1,"THIN_fr","codelist_name","lung_cancer","domain_id","condition","Primary malignant neoplasm of penis","195483","person_count","integer","23","standard_concept &&& vocabulary_id","standard &&& SNOMED"
1,"THIN_fr","codelist_name","lung_cancer","domain_id","condition","Primary malignant neoplasm of stomach","196044","person_count","integer","4533","standard_concept &&& vocabulary_id","standard &&& SNOMED"
1,"THIN_fr","codelist_name","lung_cancer","domain_id","condition","Primary malignant neoplasm of vagina","196048","person_count","integer","92","standard_concept &&& vocabulary_id","standard &&& SNOMED"
1,"THIN_fr","codelist_name","lung_cancer","domain_id","condition","Primary malignant neoplasm of urethra","196049","person_count","integer","45","standard_concept &&& vocabulary_id","standard &&& SNOMED"
1,"THIN_fr","codelist_name","lung_cancer","domain_id","condition","Primary malignant neoplasm of uterine cervix","196359","person_count","integer","5644","standard_concept &&& vocabulary_id","standard &&& SNOMED"
1,"THIN_fr","codelist_name","lung_cancer","domain_id","condition","Primary malignant neoplasm of bladder","196360","person_count","integer","6863","standard_concept &&& vocabulary_id","standard &&& SNOMED"
1,"THIN_fr","codelist_name","lung_cancer","domain_id","condition","Neoplasm of uncertain behavior of adrenal gland","196365","person_count","integer","949","standard_concept &&& vocabulary_id","standard &&& SNOMED"
1,"THIN_fr","codelist_name","lung_cancer","domain_id","condition","Secondary malignant neoplasm of retroperitoneum and peritoneum","196925","person_count","integer","1578","standard_concept &&& vocabulary_id","standard &&& SNOMED"
1,"THIN_fr","codelist_name","lung_cancer","domain_id","condition","Primary malignant neoplasm of colon","197500","person_count","integer","16917","standard_concept &&& vocabulary_id","standard &&& SNOMED"
1,"THIN_fr","codelist_name","lung_cancer","domain_id","condition","Primary malignant neoplasm of gallbladder","197806","person_count","integer","265","standard_concept &&& vocabulary_id","standard &&& SNOMED"
1,"THIN_fr","codelist_name","lung_cancer","domain_id","condition","Primary malignant neoplasm of retroperitoneum","198091","person_count","integer","48","standard_concept &&& vocabulary_id","standard &&& SNOMED"
1,"THIN_fr","codelist_name","lung_cancer","domain_id","condition","Primary malignant neoplasm of adrenal gland","198104","person_count","integer","97","standard_concept &&& vocabulary_id","standard &&& SNOMED"
1,"THIN_fr","codelist_name","lung_cancer","domain_id","condition","Benign neoplasm of fallopian tubes and uterine ligaments","198108","person_count","integer","7","standard_concept &&& vocabulary_id","standard &&& SNOMED"
1,"THIN_fr","codelist_name","lung_cancer","domain_id","condition","Secondary malignant neoplasm of small intestine","198371","person_count","integer","8","standard_concept &&& vocabulary_id","standard &&& SNOMED"
1,"THIN_fr","codelist_name","lung_cancer","domain_id","condition","Primary malignant neoplasm of kidney","198985","person_count","integer","5020","standard_concept &&& vocabulary_id","standard &&& SNOMED"
1,"THIN_fr","codelist_name","lung_cancer","domain_id","condition","Secondary malignant neoplasm of ovary","199752","person_count","integer","61","standard_concept &&& vocabulary_id","standard &&& SNOMED"
1,"THIN_fr","codelist_name","lung_cancer","domain_id","condition","Primary malignant neoplasm of pancreas","199754","person_count","integer","5589","standard_concept &&& vocabulary_id","standard &&& SNOMED"
1,"THIN_fr","codelist_name","lung_cancer","domain_id","condition","Benign neoplasm of ovary","199764","person_count","integer","1139","standard_concept &&& vocabulary_id","standard &&& SNOMED"
1,"THIN_fr","codelist_name","lung_cancer","domain_id","condition","Primary malignant neoplasm of ovary","200051","person_count","integer","2992","standard_concept &&& vocabulary_id","standard &&& SNOMED"
1,"THIN_fr","codelist_name","lung_cancer","domain_id","condition","Disorder of skin and/or subcutaneous tissue","200174","person_count","integer","199553","standard_concept &&& vocabulary_id","standard &&& SNOMED"
1,"THIN_fr","codelist_name","lung_cancer","domain_id","condition","Secondary malignant neoplasm of large intestine","200348","person_count","integer","132","standard_concept &&& vocabulary_id","standard &&& SNOMED"
1,"THIN_fr","codelist_name","lung_cancer","domain_id","condition","Neoplasm of uncertain behavior of ovary","200675","person_count","integer","230","standard_concept &&& vocabulary_id","standard &&& SNOMED"
1,"THIN_fr","codelist_name","lung_cancer","domain_id","condition","Primary malignant neoplasm of prostate","200962","person_count","integer","31647","standard_concept &&& vocabulary_id","standard &&& SNOMED"
1,"THIN_fr","codelist_name","lung_cancer","domain_id","condition","Atrophic vaginitis","201078","person_count","integer","16476","standard_concept &&& vocabulary_id","standard &&& SNOMED"
1,"THIN_fr","codelist_name","lung_cancer","domain_id","condition","Primary malignant neoplasm of liver","201519","person_count","integer","1114","standard_concept &&& vocabulary_id","standard &&& SNOMED"
1,"THIN_fr","codelist_name","lung_cancer","domain_id","condition","Primary malignant neoplasm of fallopian tube","201801","person_count","integer","37","standard_concept &&& vocabulary_id","standard &&& SNOMED"
1,"THIN_fr","codelist_name","lung_cancer","domain_id","condition","Chronic pulmonary radiation disease","252348","person_count","integer","127","standard_concept &&& vocabulary_id","standard &&& SNOMED"
1,"THIN_fr","codelist_name","lung_cancer","domain_id","condition","Primary malignant neoplasm of upper respiratory tract","252840","person_count","integer","120","standard_concept &&& vocabulary_id","standard &&& SNOMED"
1,"THIN_fr","codelist_name","lung_cancer","domain_id","condition","Disorder of connective tissue","253549","person_count","integer","1509","standard_concept &&& vocabulary_id","standard &&& SNOMED"
1,"THIN_fr","codelist_name","lung_cancer","domain_id","condition","Primary malignant neoplasm of soft palate","254282","person_count","integer","128","standard_concept &&& vocabulary_id","standard &&& SNOMED"
1,"THIN_fr","codelist_name","lung_cancer","domain_id","condition","Secondary malignant neoplasm of lung","254591","person_count","integer","954","standard_concept &&& vocabulary_id","standard &&& SNOMED"
1,"THIN_fr","codelist_name","lung_cancer","domain_id","condition","Chronic obstructive lung disease","255573","person_count","integer","143231","standard_concept &&& vocabulary_id","standard &&& SNOMED"
1,"THIN_fr","codelist_name","lung_cancer","domain_id","condition","Chronic bronchitis","255841","person_count","integer","42996","standard_concept &&& vocabulary_id","standard &&& SNOMED"
1,"THIN_fr","codelist_name","lung_cancer","domain_id","condition","Allergic rhinitis due to pollen","256439","person_count","integer","50667","standard_concept &&& vocabulary_id","standard &&& SNOMED"
1,"THIN_fr","codelist_name","lung_cancer","domain_id","condition","Acute exacerbation of chronic obstructive airways disease","257004","person_count","integer","17959","standard_concept &&& vocabulary_id","standard &&& SNOMED"
1,"THIN_fr","codelist_name","lung_cancer","domain_id","condition","Allergic rhinitis","257007","person_count","integer","286185","standard_concept &&& vocabulary_id","standard &&& SNOMED"
1,"THIN_fr","codelist_name","lung_cancer","domain_id","condition","Chronic sinusitis","257012","person_count","integer","75251","standard_concept &&& vocabulary_id","standard &&& SNOMED"
1,"THIN_fr","codelist_name","lung_cancer","domain_id","condition","Mucopurulent chronic bronchitis","257905","person_count","integer","37575","standard_concept &&& vocabulary_id","standard &&& SNOMED"
1,"THIN_fr","codelist_name","lung_cancer","domain_id","condition","Disorder of lung","257907","person_count","integer","1180","standard_concept &&& vocabulary_id","standard &&& SNOMED"
1,"THIN_fr","codelist_name","lung_cancer","domain_id","condition","Chronic rhinitis","259848","person_count","integer","182603","standard_concept &&& vocabulary_id","standard &&& SNOMED"
1,"THIN_fr","codelist_name","lung_cancer","domain_id","condition","Disorder of bronchus","260131","person_count","integer","34517","standard_concept &&& vocabulary_id","standard &&& SNOMED"
1,"THIN_fr","codelist_name","lung_cancer","domain_id","condition","Primary malignant neoplasm of glottis","260336","person_count","integer","428","standard_concept &&& vocabulary_id","standard &&& SNOMED"
1,"THIN_fr","codelist_name","lung_cancer","domain_id","condition","Benign neoplasm of bronchus and lung","261255","person_count","integer","363","standard_concept &&& vocabulary_id","standard &&& SNOMED"
1,"THIN_fr","codelist_name","lung_cancer","domain_id","condition","Pulmonary emphysema","261325","person_count","integer","19839","standard_concept &&& vocabulary_id","standard &&& SNOMED"
1,"THIN_fr","codelist_name","lung_cancer","domain_id","condition","Primary malignant neoplasm of supraglottis","261514","person_count","integer","178","standard_concept &&& vocabulary_id","standard &&& SNOMED"
1,"THIN_fr","codelist_name","lung_cancer","domain_id","condition","Chronic respiratory failure","314971","person_count","integer","12395","standard_concept &&& vocabulary_id","standard &&& SNOMED"
1,"THIN_fr","codelist_name","lung_cancer","domain_id","condition","Chronic respiratory condition due to fumes AND/OR vapors","316452","person_count","integer","67","standard_concept &&& vocabulary_id","non-standard &&& SNOMED"
1,"THIN_fr","codelist_name","lung_cancer","domain_id","condition","Secondary malignant neoplasm of lymph node","318096","person_count","integer","204","standard_concept &&& vocabulary_id","standard &&& SNOMED"
1,"THIN_fr","codelist_name","lung_cancer","domain_id","condition","Disorder of respiratory system","320136","person_count","integer","246","standard_concept &&& vocabulary_id","standard &&& SNOMED"
1,"THIN_fr","codelist_name","lung_cancer","domain_id","condition","Disorder of artery","321887","person_count","integer","29976","standard_concept &&& vocabulary_id","standard &&& SNOMED"
1,"THIN_fr","codelist_name","lung_cancer","domain_id","condition","Neonatal dacryocystitis and conjunctivitis","373870","person_count","integer","653","standard_concept &&& vocabulary_id","standard &&& SNOMED"
1,"THIN_fr","codelist_name","lung_cancer","domain_id","condition","Chronic conjunctivitis","374036","person_count","integer","8216","standard_concept &&& vocabulary_id","standard &&& SNOMED"
1,"THIN_fr","codelist_name","lung_cancer","domain_id","condition","Neoplasm of uncertain behavior of soft tissues","374313","person_count","integer","660","standard_concept &&& vocabulary_id","standard &&& SNOMED"
1,"THIN_fr","codelist_name","lung_cancer","domain_id","condition","Blepharoconjunctivitis","374347","person_count","integer","2762","standard_concept &&& vocabulary_id","standard &&& SNOMED"
1,"THIN_fr","codelist_name","lung_cancer","domain_id","condition","Pterygium","375552","person_count","integer","986","standard_concept &&& vocabulary_id","standard &&& SNOMED"
1,"THIN_fr","codelist_name","lung_cancer","domain_id","condition","Disorder of soft tissue","376208","person_count","integer","1178","standard_concept &&& vocabulary_id","standard &&& SNOMED"
1,"THIN_fr","codelist_name","lung_cancer","domain_id","condition","Mucopurulent conjunctivitis","376422","person_count","integer","64050","standard_concept &&& vocabulary_id","standard &&& SNOMED"
1,"THIN_fr","codelist_name","lung_cancer","domain_id","condition","Primary malignant neoplasm of soft tissues","376647","person_count","integer","1672","standard_concept &&& vocabulary_id","standard &&& SNOMED"
1,"THIN_fr","codelist_name","lung_cancer","domain_id","condition","Acute conjunctivitis","376707","person_count","integer","249893","standard_concept &&& vocabulary_id","standard &&& SNOMED"
1,"THIN_fr","codelist_name","lung_cancer","domain_id","condition","Neurofibromatosis syndrome","376938","person_count","integer","964","standard_concept &&& vocabulary_id","standard &&& SNOMED"
1,"THIN_fr","codelist_name","lung_cancer","domain_id","condition","Overlapping malignant neoplasm of soft tissues","378081","person_count","integer","22","standard_concept &&& vocabulary_id","standard &&& SNOMED"
1,"THIN_fr","codelist_name","lung_cancer","domain_id","condition","Conjunctival hemorrhage","378756","person_count","integer","22583","standard_concept &&& vocabulary_id","standard &&& SNOMED"
1,"THIN_fr","codelist_name","lung_cancer","domain_id","condition","Conjunctivitis","379019","person_count","integer","389046","standard_concept &&& vocabulary_id","standard &&& SNOMED"
1,"THIN_fr","codelist_name","lung_cancer","domain_id","condition","Primary malignant neoplasm of mandible","379756","person_count","integer","173","standard_concept &&& vocabulary_id","standard &&& SNOMED"
1,"THIN_fr","codelist_name","lung_cancer","domain_id","condition","Acute atopic conjunctivitis","380111","person_count","integer","105553","standard_concept &&& vocabulary_id","standard &&& SNOMED"
1,"THIN_fr","codelist_name","lung_cancer","domain_id","condition","Keratoconjunctivitis","380397","person_count","integer","7","standard_concept &&& vocabulary_id","standard &&& SNOMED"
1,"THIN_fr","codelist_name","lung_cancer","domain_id","condition","Trachoma","380640","person_count","integer","31","standard_concept &&& vocabulary_id","standard &&& SNOMED"
1,"THIN_fr","codelist_name","lung_cancer","domain_id","condition","Disorder of conjunctiva","381854","person_count","integer","6965","standard_concept &&& vocabulary_id","standard &&& SNOMED"
1,"THIN_fr","codelist_name","lung_cancer","domain_id","condition","Primary malignant neoplasm of transverse colon","432257","person_count","integer","292","standard_concept &&& vocabulary_id","standard &&& SNOMED"
1,"THIN_fr","codelist_name","lung_cancer","domain_id","condition","Chronic disease of tonsils AND/OR adenoids","432347","person_count","integer","42","standard_concept &&& vocabulary_id","standard &&& SNOMED"
1,"THIN_fr","codelist_name","lung_cancer","domain_id","condition","Primary malignant neoplasm of cecum","432837","person_count","integer","735","standard_concept &&& vocabulary_id","standard &&& SNOMED"
1,"THIN_fr","codelist_name","lung_cancer","domain_id","condition","Primary malignant neoplasm of cardia of stomach","432838","person_count","integer","389","standard_concept &&& vocabulary_id","standard &&& SNOMED"
1,"THIN_fr","codelist_name","lung_cancer","domain_id","condition","Secondary malignant neoplastic disease","432851","person_count","integer","233","standard_concept &&& vocabulary_id","standard &&& SNOMED"
1,"THIN_fr","codelist_name","lung_cancer","domain_id","condition","Leukoplakia of cervix","432962","person_count","integer","141","standard_concept &&& vocabulary_id","standard &&& SNOMED"
1,"THIN_fr","codelist_name","lung_cancer","domain_id","condition","Primary malignant neoplasm of appendix","433143","person_count","integer","909","standard_concept &&& vocabulary_id","standard &&& SNOMED"
1,"THIN_fr","codelist_name","lung_cancer","domain_id","condition","Disorder of pulmonary circulation","433208","person_count","integer","81","standard_concept &&& vocabulary_id","standard &&& SNOMED"
1,"THIN_fr","codelist_name","lung_cancer","domain_id","condition","Primary malignant neoplasm of testis","433716","person_count","integer","2014","standard_concept &&& vocabulary_id","standard &&& SNOMED"
1,"THIN_fr","codelist_name","lung_cancer","domain_id","condition","White blood cell disorder","434008","person_count","integer","20023","standard_concept &&& vocabulary_id","standard &&& SNOMED"
1,"THIN_fr","codelist_name","lung_cancer","domain_id","condition","Secondary malignant neoplasm of lymph nodes of upper limb","434298","person_count","integer","176","standard_concept &&& vocabulary_id","standard &&& SNOMED"
1,"THIN_fr","codelist_name","lung_cancer","domain_id","condition","Kaposi's sarcoma (clinical)","434584","person_count","integer","688","standard_concept &&& vocabulary_id","standard &&& SNOMED"
1,"THIN_fr","codelist_name","lung_cancer","domain_id","condition","Tight hymenal ring","434688","person_count","integer","44","standard_concept &&& vocabulary_id","standard &&& SNOMED"
1,"THIN_fr","codelist_name","lung_cancer","domain_id","condition","Primary malignant neoplasm of pyriform sinus","435190","person_count","integer","275","standard_concept &&& vocabulary_id","standard &&& SNOMED"
1,"THIN_fr","codelist_name","lung_cancer","domain_id","condition","Amniotic fluid embolism","435616","person_count","integer","47","standard_concept &&& vocabulary_id","standard &&& SNOMED"
1,"THIN_fr","codelist_name","lung_cancer","domain_id","condition","Primary malignant neoplasm of duodenum","435752","person_count","integer","301","standard_concept &&& vocabulary_id","standard &&& SNOMED"
1,"THIN_fr","codelist_name","lung_cancer","domain_id","condition","Primary malignant neoplasm of skin of eyelid","435755","person_count","integer","83","standard_concept &&& vocabulary_id","standard &&& SNOMED"
1,"THIN_fr","codelist_name","lung_cancer","domain_id","condition","Primary malignant neoplasm of anal canal","436348","person_count","integer","894","standard_concept &&& vocabulary_id","standard &&& SNOMED"
1,"THIN_fr","codelist_name","lung_cancer","domain_id","condition","Primary malignant neoplasm of laryngeal cartilage","436352","person_count","integer","83","standard_concept &&& vocabulary_id","standard &&& SNOMED"
1,"THIN_fr","codelist_name","lung_cancer","domain_id","condition","Primary malignant neoplasm of sigmoid colon","436635","person_count","integer","3219","standard_concept &&& vocabulary_id","standard &&& SNOMED"
1,"THIN_fr","codelist_name","lung_cancer","domain_id","condition","Tongue tie","436812","person_count","integer","1987","standard_concept &&& vocabulary_id","standard &&& SNOMED"
1,"THIN_fr","codelist_name","lung_cancer","domain_id","condition","Primary malignant neoplasm of tongue","437498","person_count","integer","1249","standard_concept &&& vocabulary_id","standard &&& SNOMED"
1,"THIN_fr","codelist_name","lung_cancer","domain_id","condition","Primary malignant neoplasm of labia majora","437501","person_count","integer","8","standard_concept &&& vocabulary_id","standard &&& SNOMED"
1,"THIN_fr","codelist_name","lung_cancer","domain_id","condition","Primary malignant neoplasm of vallecula","438360","person_count","integer","52","standard_concept &&& vocabulary_id","standard &&& SNOMED"
1,"THIN_fr","codelist_name","lung_cancer","domain_id","condition","Primary malignant neoplasm of thymus","438368","person_count","integer","85","standard_concept &&& vocabulary_id","standard &&& SNOMED"
1,"THIN_fr","codelist_name","lung_cancer","domain_id","condition","Primary malignant neoplasm of glans penis","438370","person_count","integer","71","standard_concept &&& vocabulary_id","standard &&& SNOMED"
1,"THIN_fr","codelist_name","lung_cancer","domain_id","condition","Primary malignant neoplasm of rectosigmoid junction","438699","person_count","integer","2275","standard_concept &&& vocabulary_id","standard &&& SNOMED"
1,"THIN_fr","codelist_name","lung_cancer","domain_id","condition","Primary malignant neoplasm of ribs and/or sternum and/or clavicle","438977","person_count","integer","25","standard_concept &&& vocabulary_id","standard &&& SNOMED"
1,"THIN_fr","codelist_name","lung_cancer","domain_id","condition","Secondary malignant neoplasm of intrathoracic lymph nodes","439751","person_count","integer","86","standard_concept &&& vocabulary_id","standard &&& SNOMED"
1,"THIN_fr","codelist_name","lung_cancer","domain_id","condition","Neoplasm of uncertain behavior of thymus","439773","person_count","integer","4376","standard_concept &&& vocabulary_id","standard &&& SNOMED"
1,"THIN_fr","codelist_name","lung_cancer","domain_id","condition","Disorder of mediastinum","440142","person_count","integer","132","standard_concept &&& vocabulary_id","standard &&& SNOMED"
1,"THIN_fr","codelist_name","lung_cancer","domain_id","condition","Disorder of immune function","440371","person_count","integer","947","standard_concept &&& vocabulary_id","standard &&& SNOMED"
1,"THIN_fr","codelist_name","lung_cancer","domain_id","condition","Primary malignant neoplasm of ampulla of Vater","441225","person_count","integer","558","standard_concept &&& vocabulary_id","standard &&& SNOMED"
1,"THIN_fr","codelist_name","lung_cancer","domain_id","condition","Primary malignant neoplasm of axillary tail of breast","441513","person_count","integer","18","standard_concept &&& vocabulary_id","standard &&& SNOMED"
1,"THIN_fr","codelist_name","lung_cancer","domain_id","condition","Primary malignant neoplasm of descending colon","441800","person_count","integer","497","standard_concept &&& vocabulary_id","standard &&& SNOMED"
1,"THIN_fr","codelist_name","lung_cancer","domain_id","condition","Primary malignant neoplasm of labia minora","441802","person_count","integer","7","standard_concept &&& vocabulary_id","standard &&& SNOMED"
1,"THIN_fr","codelist_name","lung_cancer","domain_id","condition","Neoplasm of uncertain behavior of craniopharyngeal duct","442167","person_count","integer","283","standard_concept &&& vocabulary_id","standard &&& SNOMED"
1,"THIN_fr","codelist_name","lung_cancer","domain_id","condition","Barrett's esophagus","443344","person_count","integer","15291","standard_concept &&& vocabulary_id","standard &&& SNOMED"
1,"THIN_fr","codelist_name","lung_cancer","domain_id","condition","Malignant neoplastic disease","443392","person_count","integer","24581","standard_concept &&& vocabulary_id","standard &&& SNOMED"
1,"THIN_fr","codelist_name","lung_cancer","domain_id","condition","Benign neoplasm of paraganglion","444463","person_count","integer","25","standard_concept &&& vocabulary_id","standard &&& SNOMED"
1,"THIN_fr","codelist_name","lung_cancer","domain_id","condition","Liver cell carcinoma","4001171","person_count","integer","2277","standard_concept &&& vocabulary_id","standard &&& SNOMED"
1,"THIN_fr","codelist_name","lung_cancer","domain_id","condition","Intrahepatic bile duct carcinoma","4001664","person_count","integer","640","standard_concept &&& vocabulary_id","standard &&& SNOMED"
1,"THIN_fr","codelist_name","lung_cancer","domain_id","condition","Mesothelioma of peritoneum","4001666","person_count","integer","24","standard_concept &&& vocabulary_id","standard &&& SNOMED"
1,"THIN_fr","codelist_name","lung_cancer","domain_id","condition","Neoplasm of uncertain behavior of peripheral nerves and peripheral autonomic nervous system","4002341","person_count","integer","135","standard_concept &&& vocabulary_id","standard &&& SNOMED"
1,"THIN_fr","codelist_name","lung_cancer","domain_id","condition","Disorder of integument","4028387","person_count","integer","92582","standard_concept &&& vocabulary_id","standard &&& SNOMED"
1,"THIN_fr","codelist_name","lung_cancer","domain_id","condition","Malignant mast cell tumor (clinical)","4040379","person_count","integer","106","standard_concept &&& vocabulary_id","standard &&& SNOMED"
1,"THIN_fr","codelist_name","lung_cancer","domain_id","condition","Mycosis fungoides (clinical)","4040380","person_count","integer","691","standard_concept &&& vocabulary_id","standard &&& SNOMED"
1,"THIN_fr","codelist_name","lung_cancer","domain_id","condition","Malignant histiocytosis (clinical)","4041104","person_count","integer","121","standard_concept &&& vocabulary_id","standard &&& SNOMED"
1,"THIN_fr","codelist_name","lung_cancer","domain_id","condition","Sezary's disease","4041799","person_count","integer","59","standard_concept &&& vocabulary_id","standard &&& SNOMED"
1,"THIN_fr","codelist_name","lung_cancer","domain_id","condition","Disorder of thorax","4043346","person_count","integer","1109","standard_concept &&& vocabulary_id","standard &&& SNOMED"
1,"THIN_fr","codelist_name","lung_cancer","domain_id","condition","Chronic superficial gastritis","4057513","person_count","integer","59","standard_concept &&& vocabulary_id","standard &&& SNOMED"
1,"THIN_fr","codelist_name","lung_cancer","domain_id","condition","Malignant neoplasm of specified parts of peritoneum","4092077","person_count","integer","28","standard_concept &&& vocabulary_id","non-standard &&& SNOMED"
1,"THIN_fr","codelist_name","lung_cancer","domain_id","condition","Malignant neoplasm of orbital bone","4092223","person_count","integer","29","standard_concept &&& vocabulary_id","standard &&& SNOMED"
1,"THIN_fr","codelist_name","lung_cancer","domain_id","condition","Malignant neoplasm of connective and soft tissue of thorax","4092358","person_count","integer","24","standard_concept &&& vocabulary_id","standard &&& SNOMED"
1,"THIN_fr","codelist_name","lung_cancer","domain_id","condition","Malignant neoplasm, overlapping lesion of breast","4092513","person_count","integer","15","standard_concept &&& vocabulary_id","standard &&& SNOMED"
1,"THIN_fr","codelist_name","lung_cancer","domain_id","condition","Carcinoma in situ of bronchus and lung","4093960","person_count","integer","75","standard_concept &&& vocabulary_id","standard &&& SNOMED"
1,"THIN_fr","codelist_name","lung_cancer","domain_id","condition","Infective conjunctivitis","4103653","person_count","integer","1790","standard_concept &&& vocabulary_id","standard &&& SNOMED"
1,"THIN_fr","codelist_name","lung_cancer","domain_id","condition","Conjunctival degenerations and deposits","4109701","person_count","integer","88","standard_concept &&& vocabulary_id","standard &&& SNOMED"
1,"THIN_fr","codelist_name","lung_cancer","domain_id","condition","Malignant tumor of acoustic vestibular nerve","4110889","person_count","integer","447","standard_concept &&& vocabulary_id","standard &&& SNOMED"
1,"THIN_fr","codelist_name","lung_cancer","domain_id","condition","Malignant mesothelioma of pleura","4111917","person_count","integer","625","standard_concept &&& vocabulary_id","standard &&& SNOMED"
1,"THIN_fr","codelist_name","lung_cancer","domain_id","condition","Leukoplakia of vulva","4113837","person_count","integer","461","standard_concept &&& vocabulary_id","standard &&& SNOMED"
1,"THIN_fr","codelist_name","lung_cancer","domain_id","condition","Malignant tumor of soft tissue of head, face and neck","4118989","person_count","integer","24","standard_concept &&& vocabulary_id","standard &&& SNOMED"
1,"THIN_fr","codelist_name","lung_cancer","domain_id","condition","Histiocytic syndrome","4130197","person_count","integer","29","standard_concept &&& vocabulary_id","standard &&& SNOMED"
1,"THIN_fr","codelist_name","lung_cancer","domain_id","condition","Polyp of nasal sinus","4138403","person_count","integer","18108","standard_concept &&& vocabulary_id","standard &&& SNOMED"
1,"THIN_fr","codelist_name","lung_cancer","domain_id","condition","Enteroviral vesicular stomatitis with exanthem","4141481","person_count","integer","39978","standard_concept &&& vocabulary_id","standard &&& SNOMED"
1,"THIN_fr","codelist_name","lung_cancer","domain_id","condition","Malignant tumor of lymphoid hemopoietic and related tissue","4147164","person_count","integer","155","standard_concept &&& vocabulary_id","standard &&& SNOMED"
1,"THIN_fr","codelist_name","lung_cancer","domain_id","condition","Primary malignant neoplasm of breast upper inner quadrant","4158563","person_count","integer","9","standard_concept &&& vocabulary_id","standard &&& SNOMED"
1,"THIN_fr","codelist_name","lung_cancer","domain_id","condition","Primary malignant neoplasm of adrenal cortex","4162115","person_count","integer","62","standard_concept &&& vocabulary_id","standard &&& SNOMED"
1,"THIN_fr","codelist_name","lung_cancer","domain_id","condition","Primary malignant neoplasm of breast","4162253","person_count","integer","76805","standard_concept &&& vocabulary_id","standard &&& SNOMED"
1,"THIN_fr","codelist_name","lung_cancer","domain_id","condition","Primary malignant neoplasm of adrenal medulla","4162859","person_count","integer","21","standard_concept &&& vocabulary_id","standard &&& SNOMED"
1,"THIN_fr","codelist_name","lung_cancer","domain_id","condition","Primary malignant neoplasm of body of uterus","4162860","person_count","integer","70","standard_concept &&& vocabulary_id","standard &&& SNOMED"
1,"THIN_fr","codelist_name","lung_cancer","domain_id","condition","Panacinar emphysema","4177944","person_count","integer","80","standard_concept &&& vocabulary_id","standard &&& SNOMED"
1,"THIN_fr","codelist_name","lung_cancer","domain_id","condition","Cartilage disorder","4178431","person_count","integer","13481","standard_concept &&& vocabulary_id","standard &&& SNOMED"
1,"THIN_fr","codelist_name","lung_cancer","domain_id","condition","Disorder of body system","4180628","person_count","integer","336","standard_concept &&& vocabulary_id","standard &&& SNOMED"
1,"THIN_fr","codelist_name","lung_cancer","domain_id","condition","Primary malignant neoplasm of breast upper outer quadrant","4187850","person_count","integer","52","standard_concept &&& vocabulary_id","standard &&& SNOMED"
1,"THIN_fr","codelist_name","lung_cancer","domain_id","condition","Primary malignant neoplasm of breast lower outer quadrant","4188545","person_count","integer","17","standard_concept &&& vocabulary_id","standard &&& SNOMED"
1,"THIN_fr","codelist_name","lung_cancer","domain_id","condition","Skin AND/OR mucosa finding","4212577","person_count","integer","5922","standard_concept &&& vocabulary_id","standard &&& SNOMED"
1,"THIN_fr","codelist_name","lung_cancer","domain_id","condition","Chronic pansinusitis","4230641","person_count","integer","1905","standard_concept &&& vocabulary_id","standard &&& SNOMED"
1,"THIN_fr","codelist_name","lung_cancer","domain_id","condition","Benign neoplasm of pituitary gland","4242816","person_count","integer","8581","standard_concept &&& vocabulary_id","standard &&& SNOMED"
1,"THIN_fr","codelist_name","lung_cancer","domain_id","condition","Benign neoplasm of pancreas","4243445","person_count","integer","2336","standard_concept &&& vocabulary_id","standard &&& SNOMED"
1,"THIN_fr","codelist_name","lung_cancer","domain_id","condition","Disorder of musculoskeletal system","4244662","person_count","integer","4407","standard_concept &&& vocabulary_id","standard &&& SNOMED"
1,"THIN_fr","codelist_name","lung_cancer","domain_id","condition","Primary malignant neoplasm of cauda equina","4246029","person_count","integer","7","standard_concept &&& vocabulary_id","standard &&& SNOMED"
1,"THIN_fr","codelist_name","lung_cancer","domain_id","condition","Secondary malignant neoplasm of brain","4246451","person_count","integer","470","standard_concept &&& vocabulary_id","standard &&& SNOMED"
1,"THIN_fr","codelist_name","lung_cancer","domain_id","condition","Primary malignant neoplasm of endometrium","4247238","person_count","integer","2105","standard_concept &&& vocabulary_id","standard &&& SNOMED"
1,"THIN_fr","codelist_name","lung_cancer","domain_id","condition","Primary malignant neoplasm of ascending colon","4247719","person_count","integer","1071","standard_concept &&& vocabulary_id","standard &&& SNOMED"
1,"THIN_fr","codelist_name","lung_cancer","domain_id","condition","Secondary malignant neoplasm of gastrointestinal tract","4247962","person_count","integer","110","standard_concept &&& vocabulary_id","standard &&& SNOMED"
1,"THIN_fr","codelist_name","lung_cancer","domain_id","condition","Nodular fasciitis","4266330","person_count","integer","76","standard_concept &&& vocabulary_id","standard &&& SNOMED"
1,"THIN_fr","codelist_name","lung_cancer","domain_id","condition","Seasonal allergic rhinitis","4280726","person_count","integer","36509","standard_concept &&& vocabulary_id","standard &&& SNOMED"
1,"THIN_fr","codelist_name","lung_cancer","domain_id","condition","Vasomotor rhinitis","4305500","person_count","integer","15927","standard_concept &&& vocabulary_id","standard &&& SNOMED"
1,"THIN_fr","codelist_name","lung_cancer","domain_id","condition","Dupuytren's disease of palm","4308093","person_count","integer","15920","standard_concept &&& vocabulary_id","standard &&& SNOMED"
1,"THIN_fr","codelist_name","lung_cancer","domain_id","condition","Congenital tracheomalacia","4316227","person_count","integer","23","standard_concept &&& vocabulary_id","standard &&& SNOMED"
1,"THIN_fr","codelist_name","lung_cancer","domain_id","condition","Neoplasm of uncertain behavior of multiple endocrine glands","4316507","person_count","integer","122","standard_concept &&& vocabulary_id","standard &&& SNOMED"
1,"THIN_fr","codelist_name","lung_cancer","domain_id","condition","Disorder of skin","4317258","person_count","integer","4138","standard_concept &&& vocabulary_id","standard &&& SNOMED"
1,"THIN_fr","codelist_name","lung_cancer","domain_id","condition","Rhinitis","4320791","person_count","integer","6069","standard_concept &&& vocabulary_id","standard &&& SNOMED"
1,"THIN_fr","codelist_name","lung_cancer","domain_id","condition","Recurrent aphthous stomatitis","36716659","person_count","integer","82502","standard_concept &&& vocabulary_id","standard &&& SNOMED"
1,"THIN_fr","codelist_name","lung_cancer","domain_id","condition","Lesion of oral mucosa","37016130","person_count","integer","21206","standard_concept &&& vocabulary_id","standard &&& SNOMED"
1,"THIN_fr","codelist_name","lung_cancer","domain_id","condition","Primary malignant neoplasm of extrahepatic bile duct","40486896","person_count","integer","168","standard_concept &&& vocabulary_id","standard &&& SNOMED"
1,"THIN_fr","codelist_name","lung_cancer","domain_id","condition","Polyp of nasal cavity and/or nasal sinus","42537251","person_count","integer","58","standard_concept &&& vocabulary_id","standard &&& SNOMED"
1,"THIN_fr","codelist_name","lung_cancer","domain_id","condition","Burn of cornea and conjunctival sac","44784606","person_count","integer","734","standard_concept &&& vocabulary_id","standard &&& SNOMED"
1,"THIN_fr","codelist_name","lung_cancer","domain_id","condition","Secondary malignant neoplasm of liver and intrahepatic bile duct","44806773","person_count","integer","1475","standard_concept &&& vocabulary_id","standard &&& SNOMED"
1,"THIN_fr","codelist_name","lung_cancer","domain_id","condition","Disturbance of oral epithelium","45757558","person_count","integer","1111","standard_concept &&& vocabulary_id","standard &&& SNOMED"
1,"THIN_fr","codelist_name","lung_cancer","domain_id","condition","Primary malignant neoplasm of uterus","45770892","person_count","integer","1835","standard_concept &&& vocabulary_id","standard &&& SNOMED"
